﻿<?xml version="1.0" encoding="utf-8"?>
<namespace name="misc" platform="Win64">
  <const name="CompilerFPC" type="Integer">
    <value>
      $1
    </value>
  </const>
  <const name="CompilerDCC" type="Integer">
    <value>
      $2
    </value>
  </const>
  <const name="DLLname" type="string">
    <value>
      fpcqt.dll
    </value>
  </const>
  <type name="TMainCallback" procflags="">
  </type>
  <function name="ErrorMessage" visibility="external public" callconv="cdecl">
    <parameters>
      <parameter name="s" type="PWideChar" />
      <retval type="Boolean" />
    </parameters>
  </function>
  <procedure name="SetPascalCompiler" visibility="external public" callconv="cdecl">
    <parameters>
      <parameter name="v" type="Byte" />
    </parameters>
  </procedure>
  <function name="GetPascalCompiler" visibility="external public" callconv="cdecl">
    <parameters>
      <retval type="Byte" />
    </parameters>
  </function>
  <variable name="str_debug" type="PWideChar" />
  <function name="InitLibrary" visibility="public">
    <parameters>
      <parameter name="Callback" type="TMainCallback" />
      <retval type="Boolean" />
    </parameters>
  </function>
</namespace>
